Elm Name,Instances,Positions
CLV_C14_Caspase3-7 ,ELQDG,72-76 [A]
CLV_C14_Caspase3-7 ,DGSDS,1193-1197 [A]
CLV_C14_Caspase3-7 ,SNPDS,1312-1316 [A]
CLV_C14_Caspase3-7 ,DWQDS,1972-1976 [A]
CLV_C14_Caspase3-7 ,SIQDN,2126-2130 [A]
CLV_NRD_NRD_1 ,NRK,891-893 [A]
CLV_NRD_NRD_1 ,GRK,1045-1047 [A]
CLV_NRD_NRD_1 ,MRK,1236-1238 [A]
CLV_NRD_NRD_1 ,RRP,1445-1447 [A]
CLV_NRD_NRD_1 ,RRD,1636-1638 [A]
CLV_NRD_NRD_1 ,RRL,1657-1659 [A]
CLV_NRD_NRD_1 ,RRC,1721-1723 [A]
CLV_NRD_NRD_1 ,PRK,1878-1880 [A]
CLV_NRD_NRD_1 ,ERK,2023-2025 [A]
CLV_NRD_NRD_1 ,DRK,2157-2159 [A]
CLV_NRD_NRD_1 ,RRA,2232-2234 [A]
CLV_PCSK_KEX2_1 ,KRN,1201-1203 [A]
CLV_PCSK_KEX2_1 ,KRP,1370-1372 [A]
CLV_PCSK_KEX2_1 ,KRH,1382-1384 [A]
CLV_PCSK_KEX2_1 ,RRP,1445-1447 [A]
CLV_PCSK_KEX2_1 ,RRD,1636-1638 [A]
CLV_PCSK_KEX2_1 ,RRR,1656-1658 [A]
CLV_PCSK_KEX2_1 ,RRL,1657-1659 [A]
CLV_PCSK_KEX2_1 ,RRC,1721-1723 [A]
CLV_PCSK_KEX2_1 ,KRI,1905-1907 [A]
CLV_PCSK_KEX2_1 ,KRC,1979-1981 [A]
CLV_PCSK_KEX2_1 ,RRA,2232-2234 [A]
CLV_PCSK_PC1ET2_1 ,KRN,1201-1203 [A]
CLV_PCSK_PC1ET2_1 ,KRP,1370-1372 [A]
CLV_PCSK_PC1ET2_1 ,KRH,1382-1384 [A]
CLV_PCSK_PC1ET2_1 ,KRI,1905-1907 [A]
CLV_PCSK_PC1ET2_1 ,KRC,1979-1981 [A]
CLV_PCSK_SKI1_1 ,RPALN,110-114 [A]
CLV_PCSK_SKI1_1 ,RDITF,1637-1641 [A]
CLV_PCSK_SKI1_1 ,RRLTM,1657-1661 [A]
CLV_PCSK_SKI1_1 ,RTLLD,1742-1746 [A]
CLV_PCSK_SKI1_1 ,KHVTT,1880-1884 [A]
CLV_PCSK_SKI1_1 ,KRITA,1905-1909 [A]
CLV_PCSK_SKI1_1 ,RNIKI,1950-1954 [A]
CLV_PCSK_SKI1_1 ,KLILL,2013-2017 [A]
CLV_PCSK_SKI1_1 ,RLVLE,2116-2120 [A]
CLV_PCSK_SKI1_1 ,RALLA,2236-2240 [A]
CLV_Separin_Metazoa ,EMLRE,2054-2058 [A]
DEG_APCC_DBOX_1 ,FRRCLIEIF,1720-1728 [A]
DEG_APCC_DBOX_1 ,QRLVLETLS,2115-2123 [A]
DEG_SCF_FBW7_1 ,LARTPQPS,374-381 [A]
DEG_SCF_FBW7_1 ,PQTPQST,1144-1150 [A]
DEG_SCF_FBW7_1 ,PPTPAST,1162-1168 [A]
DEG_SCF_FBW7_1 ,PTPAST,1163-1168 [A]
DEG_SCF_FBW7_1 ,ILATPPFS,2135-2142 [A]
DEG_SCF_FBW7_1 ,LATPPFS,2136-2142 [A]
DEG_SCF_TRCP1_1 ,DSGMYS,1315-1320 [A]
DEG_SIAH_1 ,GPSAPVPPM,1556-1564 [A]
DEG_SPOP_SBC_1 ,PPSSS,252-256 [A]
DEG_SPOP_SBC_1 ,ASSSS,259-263 [A]
DEG_SPOP_SBC_1 ,VGTSS,1082-1086 [A]
DEG_SPOP_SBC_1 ,PQSTS,1147-1151 [A]
DOC_ANK_TNKS_1 ,SRAAGPGL,1261-1268 [A]
DOC_CDC14_PxL_1 ,LSQLPGLLE,1706-1714 [A]
DOC_CKS1_1 ,PQTPQS,1144-1149 [A]
DOC_CKS1_1 ,PPTPAS,1162-1167 [A]
DOC_CKS1_1 ,QGTPSG,1346-1351 [A]
DOC_CKS1_1 ,IGTPEA,1664-1669 [A]
DOC_CKS1_1 ,LATPPF,2136-2141 [A]
DOC_CYCLIN_RevRxL_6 ,EIFGILKEYE,1726-1735 [A]
DOC_CYCLIN_yClb1_LxF_4 ,GNLLGFL,2193-2199 [A]
DOC_MAPK_gen_1 ,RRCLIEI,1721-1727 [A]
DOC_MAPK_gen_1 ,KFDKLPVKI,1808-1816 [A]
DOC_MAPK_gen_1 ,RRAARALLAL,2232-2241 [A]
DOC_MAPK_gen_1 ,RAARALLAL,2233-2241 [A]
DOC_MAPK_MEF2A_6 ,KFDKLPVKI,1808-1816 [A]
DOC_MAPK_MEF2A_6 ,KHPGLLLIL,2003-2011 [A]
DOC_PP1_RVXF_1 ,IRRDITFP,1635-1642 [A]
DOC_PP1_RVXF_1 ,TIRSLSFV,1987-1994 [A]
DOC_PP1_RVXF_1 ,CNKVEWW,2043-2049 [A]
DOC_PP2A_B56_1 ,LPGLLEL,1709-1715 [A]
DOC_PP2A_B56_1 ,LELLVEY,1713-1719 [A]
DOC_PP2A_B56_1 ,LGRVQEF,1831-1837 [A]
DOC_PP2A_B56_1 ,LEMLREN,2053-2059 [A]
DOC_PP2A_B56_1 ,LAKVDEN,2241-2247 [A]
DOC_PP4_FxxP_1 ,FGQP,150-153 [A]
DOC_PP4_FxxP_1 ,FPPP,597-600 [A]
DOC_PP4_MxPP_1 ,MCPP,883-886 [A]
DOC_USP7_MATH_1 ,AAASS,8-12 [A]
DOC_USP7_MATH_1 ,AASSL,9-13 [A]
DOC_USP7_MATH_1 ,ALQSG,183-187 [A]
DOC_USP7_MATH_1 ,PNRSA,217-221 [A]
DOC_USP7_MATH_1 ,AAGSK,246-250 [A]
DOC_USP7_MATH_1 ,PSSSA,253-257 [A]
DOC_USP7_MATH_1 ,ASASS,257-261 [A]
DOC_USP7_MATH_1 ,ASSSS,259-263 [A]
DOC_USP7_MATH_1 ,AAASG,347-351 [A]
DOC_USP7_MATH_1 ,PGSSG,364-368 [A]
DOC_USP7_MATH_1 ,PQPSS,378-382 [A]
DOC_USP7_MATH_1 ,PYGSQ,421-425 [A]
DOC_USP7_MATH_1 ,AQPSY,496-500 [A]
DOC_USP7_MATH_1 ,PYPSQ,533-537 [A]
DOC_USP7_MATH_1 ,PAPST,568-572 [A]
DOC_USP7_MATH_1 ,PGVST,659-663 [A]
DOC_USP7_MATH_1 ,AANSI,904-908 [A]
DOC_USP7_MATH_1 ,ANNSA,955-959 [A]
DOC_USP7_MATH_1 ,AADSK,1120-1124 [A]
DOC_USP7_MATH_1 ,PAGSG,1135-1139 [A]
DOC_USP7_MATH_1 ,PGMSR,1177-1181 [A]
DOC_USP7_MATH_1 ,PYGSM,1232-1236 [A]
DOC_USP7_MATH_1 ,PFMSS,1244-1248 [A]
DOC_USP7_MATH_1 ,PFPSQ,1353-1357 [A]
DOC_USP7_MATH_1 ,PQVSS,1583-1587 [A]
DOC_USP7_MATH_1 ,AKSSE,1927-1931 [A]
DOC_USP7_MATH_1 ,PAQSH,1945-1949 [A]
DOC_USP7_UBL2_3 ,KMNNK,980-984 [A]
DOC_USP7_UBL2_3 ,KTESK,990-994 [A]
DOC_USP7_UBL2_3 ,KSQPK,1125-1129 [A]
DOC_USP7_UBL2_3 ,KLISK,1804-1808 [A]
DOC_USP7_UBL2_3 ,KLPVK,1811-1815 [A]
DOC_USP7_UBL2_3 ,KIVQK,1815-1819 [A]
DOC_USP7_UBL2_3 ,KESSK,1934-1938 [A]
DOC_WW_Pin1_4 ,YGRSPS,154-159 [A]
DOC_WW_Pin1_4 ,GQQSPG,175-180 [A]
DOC_WW_Pin1_4 ,ALSSPR,230-235 [A]
DOC_WW_Pin1_4 ,RGGTPG,235-240 [A]
DOC_WW_Pin1_4 ,GGGTPQ,283-288 [A]
DOC_WW_Pin1_4 ,PTATPT,289-294 [A]
DOC_WW_Pin1_4 ,LLTSPS,298-303 [A]
DOC_WW_Pin1_4 ,APMSPG,360-365 [A]
DOC_WW_Pin1_4 ,LARTPQ,374-379 [A]
DOC_WW_Pin1_4 ,QPSSPM,379-384 [A]
DOC_WW_Pin1_4 ,GSQTPQ,423-428 [A]
DOC_WW_Pin1_4 ,QGQTPY,465-470 [A]
DOC_WW_Pin1_4 ,NQQSPH,472-477 [A]
DOC_WW_Pin1_4 ,PSQTPH,490-495 [A]
DOC_WW_Pin1_4 ,HQQSPA,527-532 [A]
DOC_WW_Pin1_4 ,QAQSPY,555-560 [A]
DOC_WW_Pin1_4 ,GALSPG,655-660 [A]
DOC_WW_Pin1_4 ,PAQSPF,676-681 [A]
DOC_WW_Pin1_4 ,SPFSPH,679-684 [A]
DOC_WW_Pin1_4 ,PHTSPH,683-688 [A]
DOC_WW_Pin1_4 ,RGPSPS,693-698 [A]
DOC_WW_Pin1_4 ,PSPSPV,695-700 [A]
DOC_WW_Pin1_4 ,PVGSPA,699-704 [A]
DOC_WW_Pin1_4 ,GPLSPA,712-717 [A]
DOC_WW_Pin1_4 ,QYSSPQ,761-766 [A]
DOC_WW_Pin1_4 ,SALSPR,769-774 [A]
DOC_WW_Pin1_4 ,MAASPE,961-966 [A]
DOC_WW_Pin1_4 ,VKLTPA,973-978 [A]
DOC_WW_Pin1_4 ,ADGTPK,985-990 [A]
DOC_WW_Pin1_4 ,QPPSPA,1131-1136 [A]
DOC_WW_Pin1_4 ,GPQTPQ,1143-1148 [A]
DOC_WW_Pin1_4 ,KPPTPA,1161-1166 [A]
DOC_WW_Pin1_4 ,PASTPH,1165-1170 [A]
DOC_WW_Pin1_4 ,NSMTPN,1203-1208 [A]
DOC_WW_Pin1_4 ,GMYSPS,1317-1322 [A]
DOC_WW_Pin1_4 ,TQGTPS,1345-1350 [A]
DOC_WW_Pin1_4 ,PSGSPF,1349-1354 [A]
DOC_WW_Pin1_4 ,AQPSPQ,1419-1424 [A]
DOC_WW_Pin1_4 ,QVSSPA,1584-1589 [A]
DOC_WW_Pin1_4 ,NRTSPS,1597-1602 [A]
DOC_WW_Pin1_4 ,PSKSPF,1601-1606 [A]
DOC_WW_Pin1_4 ,DIGTPE,1663-1668 [A]
DOC_WW_Pin1_4 ,KVSSPA,1752-1757 [A]
DOC_WW_Pin1_4 ,AEGTPG,1885-1890 [A]
DOC_WW_Pin1_4 ,FGISPA,1941-1946 [A]
DOC_WW_Pin1_4 ,KDETPL,1962-1967 [A]
DOC_WW_Pin1_4 ,LDLSPY,2071-2076 [A]
DOC_WW_Pin1_4 ,AVLSPQ,2110-2115 [A]
DOC_WW_Pin1_4 ,ILATPP,2135-2140 [A]
DOC_WW_Pin1_4 ,ISVSPL,2261-2266 [A]
LIG_14-3-3_CanoR_1 ,RYPMTMQ,429-435 [A]
LIG_14-3-3_CanoR_1 ,RAQSAMGGL,437-445 [A]
LIG_14-3-3_CanoR_1 ,RPSSLP,635-640 [A]
LIG_14-3-3_CanoR_1 ,RMSHASM,857-863 [A]
LIG_14-3-3_CanoR_1 ,RKTQETAV,892-899 [A]
LIG_14-3-3_CanoR_1 ,RSNSVG,1181-1186 [A]
LIG_14-3-3_CanoR_1 ,RNSMT,1202-1206 [A]
LIG_14-3-3_CanoR_1 ,RMSYE,1223-1227 [A]
LIG_14-3-3_CanoR_1 ,RVRTEP,1287-1292 [A]
LIG_14-3-3_CanoR_1 ,RVSAP,1463-1467 [A]
LIG_14-3-3_CanoR_1 ,RQSTGSAP,1511-1518 [A]
LIG_14-3-3_CanoR_1 ,RRRLTMK,1656-1662 [A]
LIG_14-3-3_CanoR_1 ,RRLTMK,1657-1662 [A]
LIG_14-3-3_CanoR_1 ,RLTMK,1658-1662 [A]
LIG_14-3-3_CanoR_1 ,RVMMSLK,1671-1677 [A]
LIG_14-3-3_CanoR_1 ,RKHVTTAEGTP,1879-1889 [A]
LIG_14-3-3_CanoR_1 ,RITATMD,1906-1912 [A]
LIG_14-3-3_CanoR_1 ,RSSTLT,1918-1923 [A]
LIG_14-3-3_CanoR_1 ,RSLSFV,1989-1994 [A]
LIG_14-3-3_CanoR_1 ,RFLSDRKNPV,2153-2162 [A]
LIG_AP2alpha_2 ,DPF,1243-1245 [A]
LIG_AP2alpha_2 ,DPF,1821-1823 [A]
LIG_AP2alpha_2 ,DPF,2101-2103 [A]
LIG_APCC_ABBA_1 ,ILLYDD,1693-1698 [A]
LIG_APCC_ABBA_1 ,LSPYPE,2073-2078 [A]
LIG_Arc_Nlobe_1 ,FPNHQ,207-211 [A]
LIG_Arc_Nlobe_1 ,APAYA,226-230 [A]
LIG_Arc_Nlobe_1 ,TPYYN,468-472 [A]
LIG_Arc_Nlobe_1 ,QPSYQ,497-501 [A]
LIG_Arc_Nlobe_1 ,MPQYS,759-763 [A]
LIG_Arc_Nlobe_1 ,QPNYN,812-816 [A]
LIG_Arc_Nlobe_1 ,NPGYQ,1208-1212 [A]
LIG_Arc_Nlobe_1 ,GPAYH,1520-1524 [A]
LIG_Arc_Nlobe_1 ,WPSHG,1545-1549 [A]
LIG_Arc_Nlobe_1 ,DPGRFS,1746-1751 [A]
LIG_BIR_II_1 ,MAAQV,1-5 [A]
LIG_BRCT_BRCA1_1 ,SSSSF,262-266 [A]
LIG_BRCT_BRCA1_1 ,GSDPF,1241-1245 [A]
LIG_BRCT_BRCA1_1 ,ESSKF,1935-1939 [A]
LIG_BRCT_BRCA1_1 ,RSLSF,1989-1993 [A]
LIG_deltaCOP1_diTrp_1 ,EWWW,2047-2050 [A]
LIG_eIF4E_1 ,YFRRCLI,1719-1725 [A]
LIG_EVH1_2 ,PPDIF,1114-1118 [A]
LIG_FHA_1 ,TATPTLN,290-296 [A]
LIG_FHA_1 ,SYTQQIP,446-452 [A]
LIG_FHA_1 ,VSTSGIS,661-667 [A]
LIG_FHA_1 ,EATQPVL,1647-1653 [A]
LIG_FHA_1 ,ESTWALD,1683-1689 [A]
LIG_FHA_1 ,LDTINIL,1688-1694 [A]
LIG_FHA_1 ,IMTFNLS,1701-1707 [A]
LIG_FHA_1 ,DTTEHIQ,1850-1856 [A]
LIG_FHA_1 ,SKTELLP,1861-1867 [A]
LIG_FHA_2 ,STTTNEK,1001-1007 [A]
LIG_FHA_2 ,RLTMKDI,1658-1664 [A]
LIG_FHA_2 ,QRTLLDP,1741-1747 [A]
LIG_FHA_2 ,IQTHFES,1855-1861 [A]
LIG_FHA_2 ,HVTTAEG,1881-1887 [A]
LIG_FHA_2 ,GTTDQEG,1890-1896 [A]
LIG_FHA_2 ,TATMDDM,1908-1914 [A]
LIG_FHA_2 ,SSTLTED,1919-1925 [A]
LIG_FHA_2 ,LCTLLDW,1967-1973 [A]
LIG_FHA_2 ,EPTSVDM,2224-2230 [A]
LIG_FHA_2 ,EFTLYES,2250-2256 [A]
LIG_IBAR_NPY_1 ,NPY,399-401 [A]
LIG_IRF7_LxLS_2 ,ISGQLDLS,2067-2074 [A]
LIG_LIR_Apic_2 ,EPYAGP,193-198 [A]
LIG_LIR_Apic_2 ,SAYPPP,220-225 [A]
LIG_LIR_Apic_2 ,DGTYGPP,1374-1380 [A]
LIG_LIR_Apic_2 ,TYGPP,1376-1380 [A]
LIG_LIR_Apic_2 ,EMYSVP,1387-1392 [A]
LIG_LIR_Apic_2 ,SNYQPP,1570-1575 [A]
LIG_LIR_Gen_1 ,SKFDKLPVKIV,1807-1817 [A]
LIG_LIR_Gen_1 ,EWWWDCLEML,2047-2056 [A]
LIG_LIR_Gen_1 ,DPFSTLGPNAV,2101-2111 [A]
LIG_LIR_Gen_1 ,TPPFSRLEKLY,2138-2148 [A]
LIG_LIR_Gen_1 ,EKLYSTMVRFL,2145-2155 [A]
LIG_LIR_Nem_3 ,DVYNQY,1426-1431 [A]
LIG_LIR_Nem_3 ,EIFGIL,1726-1731 [A]
LIG_LIR_Nem_3 ,SKFDKL,1807-1812 [A]
LIG_LIR_Nem_3 ,EWWWDCL,2047-2053 [A]
LIG_LIR_Nem_3 ,DPFSTL,2101-2106 [A]
LIG_LIR_Nem_3 ,TPPFSRL,2138-2144 [A]
LIG_LIR_Nem_3 ,SEFTLY,2249-2254 [A]
LIG_LIR_Nem_3 ,EFTLY,2250-2254 [A]
LIG_LYPXL_yS_3 ,YPNM,915-918 [A]
LIG_MYND_1 ,PNLMP,1307-1311 [A]
LIG_NRBOX ,TLNQLLT,294-300 [A]
LIG_NRBOX ,GLLELLV,1711-1717 [A]
LIG_NRBOX ,VLDGLLH,2084-2090 [A]
LIG_Pex14_2 ,FPFQF,1455-1459 [A]
LIG_PTAP_UEV_1 ,GPSAPV,1556-1561 [A]
LIG_PTB_Apo_2 ,GFPNHQYN,206-213 [A]
LIG_PTB_Apo_2 ,ALPNANYP,817-824 [A]
LIG_PTB_Apo_2 ,SMGNRPYG,862-869 [A]
LIG_PTB_Apo_2 ,MTPNPGYQ,1205-1212 [A]
LIG_PTB_Apo_2 ,HMQNPPFE,2217-2224 [A]
LIG_PTB_Phospho_1 ,GFPNHQY,206-212 [A]
LIG_PTB_Phospho_1 ,ALPNANY,817-823 [A]
LIG_PTB_Phospho_1 ,SMGNRPY,862-868 [A]
LIG_PTB_Phospho_1 ,MTPNPGY,1205-1211 [A]
LIG_SH2_CRK ,YAGPQ,195-199 [A]
LIG_SH2_CRK ,YSQPQ,551-555 [A]
LIG_SH2_CRK ,YSSPQ,762-766 [A]
LIG_SH2_CRK ,YNALP,815-819 [A]
LIG_SH2_CRK ,YGTLP,850-854 [A]
LIG_SH2_CRK ,YGGPY,1281-1285 [A]
LIG_SH2_CRK ,YDRVR,1285-1289 [A]
LIG_SH2_CRK ,YKRPM,1369-1373 [A]
LIG_SH2_CRK ,YGPPA,1377-1381 [A]
LIG_SH2_CRK ,YSVPY,1389-1393 [A]
LIG_SH2_CRK ,YHGVN,1523-1527 [A]
LIG_SH2_CRK ,YQPPP,1572-1576 [A]
LIG_SH2_GRB2like ,YYNQ,470-473 [A]
LIG_SH2_GRB2like ,YANR,1508-1511 [A]
LIG_SH2_NCK_1 ,PPYSQPQ,549-555 [A]
LIG_SH2_NCK_1 ,PQYSSPQ,760-766 [A]
LIG_SH2_NCK_1 ,EMYSVPY,1387-1393 [A]
LIG_SH2_SRC ,YQPS,1211-1214 [A]
LIG_SH2_SRC ,YQPP,1572-1575 [A]
LIG_SH2_STAP1 ,YTQQI,447-451 [A]
LIG_SH2_STAP1 ,YSRAA,1260-1264 [A]
LIG_SH2_STAP1 ,YSTMV,2148-2152 [A]
LIG_SH2_STAP1 ,YESRL,2254-2258 [A]
LIG_SH2_STAT3 ,YSQQ,401-404 [A]
LIG_SH2_STAT3 ,YPGQ,417-420 [A]
LIG_SH2_STAT3 ,YGSQ,422-425 [A]
LIG_SH2_STAT3 ,YTQQ,447-450 [A]
LIG_SH2_STAT3 ,YGQQ,454-457 [A]
LIG_SH2_STAT3 ,YGQQ,462-465 [A]
LIG_SH2_STAT3 ,YYNQ,470-473 [A]
LIG_SH2_STAT3 ,YNQQ,471-474 [A]
LIG_SH2_STAT3 ,YSQQ,485-488 [A]
LIG_SH2_STAT3 ,YQQQ,500-503 [A]
LIG_SH2_STAT3 ,YSQQ,518-521 [A]
LIG_SH2_STAT3 ,YPSQ,534-537 [A]
LIG_SH2_STAT3 ,YQQQ,560-563 [A]
LIG_SH2_STAT3 ,YSQQ,592-595 [A]
LIG_SH2_STAT3 ,YGPQ,796-799 [A]
LIG_SH2_STAT3 ,YGPQ,803-806 [A]
LIG_SH2_STAT3 ,YPRQ,809-812 [A]
LIG_SH2_STAT3 ,YPPQ,1324-1327 [A]
LIG_SH2_STAT3 ,YGNQ,1339-1342 [A]
LIG_SH2_STAT3 ,YQQQ,1362-1365 [A]
LIG_SH2_STAT5 ,YTQQ,447-450 [A]
LIG_SH2_STAT5 ,YFRR,1719-1722 [A]
LIG_SH3_1 ,RSGPLSP,710-716 [A]
LIG_SH3_1 ,KIQPPSP,1129-1135 [A]
LIG_SH3_1 ,RQPPYGP,1551-1557 [A]
LIG_SH3_1 ,KAGPPVP,1615-1621 [A]
LIG_SH3_2 ,PPAPRK,1875-1880 [A]
LIG_SH3_3 ,LGNPPPP,13-19 [A]
LIG_SH3_3 ,GNPPPPP,14-20 [A]
LIG_SH3_3 ,NPPPPPP,15-21 [A]
LIG_SH3_3 ,GPAVGPP,60-66 [A]
LIG_SH3_3 ,AVGPPQP,62-68 [A]
LIG_SH3_3 ,SDGVGAP,129-135 [A]
LIG_SH3_3 ,AYPPPAP,221-227 [A]
LIG_SH3_3 ,HHAPMSP,358-364 [A]
LIG_SH3_3 ,TPQPSSP,377-383 [A]
LIG_SH3_3 ,QGPPSGP,405-411 [A]
LIG_SH3_3 ,HGYPGQP,415-421 [A]
LIG_SH3_3 ,SQQPSQP,519-525 [A]
LIG_SH3_3 ,QQQPQQP,562-568 [A]
LIG_SH3_3 ,AQSPFSP,677-683 [A]
LIG_SH3_3 ,HTSPHLP,684-690 [A]
LIG_SH3_3 ,PSPVGSP,697-703 [A]
LIG_SH3_3 ,RSGPLSP,710-716 [A]
LIG_SH3_3 ,NQMPPRP,722-728 [A]
LIG_SH3_3 ,QMPPRPP,723-729 [A]
LIG_SH3_3 ,QRNPQMP,754-760 [A]
LIG_SH3_3 ,ALSPRQP,770-776 [A]
LIG_SH3_3 ,GGYPRQP,807-813 [A]
LIG_SH3_3 ,HGQPGIP,842-848 [A]
LIG_SH3_3 ,GNRPYGP,864-870 [A]
LIG_SH3_3 ,NRPPGYP,910-916 [A]
LIG_SH3_3 ,MINPQGP,940-946 [A]
LIG_SH3_3 ,KIQPPSP,1129-1135 [A]
LIG_SH3_3 ,MQGPQTP,1141-1147 [A]
LIG_SH3_3 ,DLKPPTP,1159-1165 [A]
LIG_SH3_3 ,SQIPPLP,1171-1177 [A]
LIG_SH3_3 ,NLMPSNP,1308-1314 [A]
LIG_SH3_3 ,QLPPAQP,1404-1410 [A]
LIG_SH3_3 ,RDRVSAP,1461-1467 [A]
LIG_SH3_3 ,GSAPQGP,1515-1521 [A]
LIG_SH3_3 ,RQPPYGP,1551-1557 [A]
LIG_SH3_3 ,PYGPSAP,1554-1560 [A]
LIG_SH3_3 ,PSAPVPP,1557-1563 [A]
LIG_SH3_3 ,IPQVSSP,1582-1588 [A]
LIG_SH3_3 ,KAGPPVP,1615-1621 [A]
LIG_SH3_3 ,APAPVQP,1626-1632 [A]
LIG_SH3_3 ,PAPVQPP,1627-1633 [A]
LIG_SH3_3 ,EYEVGDP,1733-1739 [A]
LIG_SH3_3 ,FSKVSSP,1750-1756 [A]
LIG_SH3_3 ,ELLPSRP,1864-1870 [A]
LIG_SH3_3 ,PSRPHAP,1867-1873 [A]
LIG_SH3_3 ,PHAPCPP,1870-1876 [A]
LIG_SH3_3 ,APCPPAP,1872-1878 [A]
LIG_SH3_3 ,GPPPDGP,1896-1902 [A]
LIG_SH3_3 ,PNAVLSP,2108-2114 [A]
LIG_SH3_3 ,QNPPFEP,2219-2225 [A]
LIG_SH3_CIN85_PxpxPR_1 ,PAPLPR,1588-1593 [A]
LIG_SH3_PxxDY_5 ,PGGDY,312-316 [A]
LIG_Sin3_3 ,ARALLALA,2235-2242 [A]
LIG_SUMO_SIM_par_1 ,ESRLLDIS,2255-2262 [A]
LIG_SUMO_SIM_par_1 ,SRLLDIS,2256-2262 [A]
LIG_SUMO_SIM_par_1 ,RLLDIS,2257-2262 [A]
LIG_TRAF2like_MATH_loPxQ_2 ,PHSKDE,1959-1964 [A]
LIG_TRAF2like_MATH_loPxQ_2 ,PFSRLE,2140-2145 [A]
LIG_TRAF2like_MATH_loPxQ_2 ,PTSVDM,2225-2230 [A]
LIG_TRAF2like_MATH_shPxQ_1 ,PQQD,1423-1426 [A]
LIG_TRAF6_MATH_1 ,PAPMEGGEE,1756-1764 [A]
LIG_UBA3_1 ,MMGLGDVK,967-974 [A]
LIG_UBA3_1 ,MMSLK,1673-1677 [A]
LIG_UBA3_1 ,LIEIFGILK,1724-1732 [A]
LIG_UBA3_1 ,IFGILK,1727-1732 [A]
LIG_UBA3_1 ,LLLILGK,2007-2013 [A]
LIG_UBA3_1 ,LLILGK,2008-2013 [A]
LIG_UBA3_1 ,LILLHHK,2014-2020 [A]
LIG_UBA3_1 ,LLALAK,2238-2243 [A]
LIG_WD40_WDR5_VDV_1 ,ESRLLDI,2255-2261 [A]
LIG_WD40_WDR5_VDV_2 ,EPDL,97-100 [A]
LIG_WD40_WDR5_VDV_2 ,YGRSPSA,154-160 [A]
LIG_WD40_WDR5_VDV_2 ,SPSA,157-160 [A]
LIG_WD40_WDR5_VDV_2 ,SSSASA,254-259 [A]
LIG_WD40_WDR5_VDV_2 ,SSASA,255-259 [A]
LIG_WD40_WDR5_VDV_2 ,SASA,256-259 [A]
LIG_WD40_WDR5_VDV_2 ,TPQPTA,286-291 [A]
LIG_WD40_WDR5_VDV_2 ,TATPTL,290-295 [A]
LIG_WD40_WDR5_VDV_2 ,TPTL,292-295 [A]
LIG_WD40_WDR5_VDV_2 ,EDMNLSL,626-632 [A]
LIG_WD40_WDR5_VDV_2 ,DMNLSL,627-632 [A]
LIG_WD40_WDR5_VDV_2 ,SSLPDL,637-642 [A]
LIG_WD40_WDR5_VDV_2 ,SLPDL,638-642 [A]
LIG_WD40_WDR5_VDV_2 ,SPASV,702-706 [A]
LIG_WD40_WDR5_VDV_2 ,YPSA,823-826 [A]
LIG_WD40_WDR5_VDV_2 ,DVKL,972-975 [A]
LIG_WD40_WDR5_VDV_2 ,EDPPPDI,1111-1117 [A]
LIG_WD40_WDR5_VDV_2 ,DPPPDI,1112-1117 [A]
LIG_WD40_WDR5_VDV_2 ,SKKSQPKI,1123-1130 [A]
LIG_WD40_WDR5_VDV_2 ,SQPKI,1126-1130 [A]
LIG_WD40_WDR5_VDV_2 ,YPATATA,1435-1441 [A]
LIG_WD40_WDR5_VDV_2 ,TATA,1438-1441 [A]
LIG_WD40_WDR5_VDV_2 ,DRVSA,1462-1466 [A]
LIG_WD40_WDR5_VDV_2 ,SAEV,1488-1491 [A]
LIG_WD40_WDR5_VDV_2 ,YGPSA,1555-1559 [A]
LIG_WD40_WDR5_VDV_2 ,SVEA,1645-1648 [A]
LIG_WD40_WDR5_VDV_2 ,DIGTPEA,1663-1669 [A]
LIG_WD40_WDR5_VDV_2 ,TPEA,1666-1669 [A]
LIG_WD40_WDR5_VDV_2 ,EELLGPKL,1766-1773 [A]
LIG_WD40_WDR5_VDV_2 ,ELLGPKL,1767-1773 [A]
LIG_WD40_WDR5_VDV_2 ,DKLPVKI,1810-1816 [A]
LIG_WD40_WDR5_VDV_2 ,EKRITA,1904-1909 [A]
LIG_WD40_WDR5_VDV_2 ,SHRNIKI,1948-1954 [A]
LIG_WD40_WDR5_VDV_2 ,ENTLVTL,2058-2064 [A]
LIG_WD40_WDR5_VDV_2 ,TLVTL,2060-2064 [A]
LIG_WD40_WDR5_VDV_2 ,SGQLDL,2068-2073 [A]
LIG_WD40_WDR5_VDV_2 ,SAEA,2096-2099 [A]
LIG_WD40_WDR5_VDV_2 ,ETLSKLSI,2120-2127 [A]
LIG_WD40_WDR5_VDV_2 ,TLSKLSI,2121-2127 [A]
LIG_WD40_WDR5_VDV_2 ,SKLSI,2123-2127 [A]
LIG_WD40_WDR5_VDV_2 ,DNNVDL,2129-2134 [A]
LIG_WD40_WDR5_VDV_2 ,DSLAARA,2178-2184 [A]
LIG_WD40_WDR5_VDV_2 ,SLAARA,2179-2184 [A]
LIG_WD40_WDR5_VDV_2 ,SQASL,2211-2215 [A]
LIG_WD40_WDR5_VDV_2 ,YESRLLDI,2254-2261 [A]
LIG_WD40_WDR5_VDV_2 ,ESRLLDI,2255-2261 [A]
LIG_WD40_WDR5_VDV_2 ,SRLLDISV,2256-2263 [A]
LIG_WD40_WDR5_VDV_2 ,DISV,2260-2263 [A]
LIG_WRC_WIRS_1 ,IMTFNL,1701-1706 [A]
LIG_WW_1 ,PPAY,145-148 [A]
LIG_WW_1 ,PPGY,912-915 [A]
LIG_WW_2 ,PPLP,1174-1177 [A]
LIG_WW_3 ,MPPRP,724-728 [A]
MOD_CDC14_SPxK_1 ,SPSR,1320-1323 [A]
MOD_CDC14_SPxK_1 ,SPSK,1600-1603 [A]
MOD_CDC14_SPxK_1 ,SPQR,2113-2116 [A]
MOD_CDK_SPK_2 ,ALSSPR,230-235 [A]
MOD_CDK_SPK_2 ,SALSPR,769-774 [A]
MOD_CDK_SPK_2 ,ADGTPK,985-990 [A]
MOD_CDK_SPxK_1 ,GSQTPQR,423-429 [A]
MOD_CDK_SPxK_1 ,GMYSPSR,1317-1323 [A]
MOD_CDK_SPxK_1 ,NRTSPSK,1597-1603 [A]
MOD_CDK_SPxK_1 ,AVLSPQR,2110-2116 [A]
MOD_CDK_SPxxK_3 ,VKLTPATK,973-980 [A]
MOD_CK1_1 ,SSASASS,255-261 [A]
MOD_CK1_1 ,SASSSSS,258-264 [A]
MOD_CK1_1 ,SSSSSSF,260-266 [A]
MOD_CK1_1 ,SSSSSFA,261-267 [A]
MOD_CK1_1 ,SSSSFAQ,262-268 [A]
MOD_CK1_1 ,SPSSARG,301-307 [A]
MOD_CK1_1 ,SPGSSGG,363-369 [A]
MOD_CK1_1 ,SQQSTTQ,536-542 [A]
MOD_CK1_1 ,STLSQQA,571-577 [A]
MOD_CK1_1 ,SQQSQQT,584-590 [A]
MOD_CK1_1 ,SQQTAYS,587-593 [A]
MOD_CK1_1 ,SQDSFGS,604-610 [A]
MOD_CK1_1 ,SFGSQAS,607-613 [A]
MOD_CK1_1 ,SQASSAP,610-616 [A]
MOD_CK1_1 ,SAPSMTS,614-620 [A]
MOD_CK1_1 ,SMTSSKG,617-623 [A]
MOD_CK1_1 ,SLQSRPS,631-637 [A]
MOD_CK1_1 ,SRPSSLP,634-640 [A]
MOD_CK1_1 ,SGISSSQ,664-670 [A]
MOD_CK1_1 ,SPFSPHT,679-685 [A]
MOD_CK1_1 ,SPHTSPH,682-688 [A]
MOD_CK1_1 ,SPASVAQ,702-708 [A]
MOD_CK1_1 ,SGQSDSI,730-736 [A]
MOD_CK1_1 ,SALSPRQ,769-775 [A]
MOD_CK1_1 ,SMGSYGP,792-798 [A]
MOD_CK1_1 ,SHASMGN,859-865 [A]
MOD_CK1_1 ,SKKSSSS,995-1001 [A]
MOD_CK1_1 ,SSSSTTT,998-1004 [A]
MOD_CK1_1 ,SSSTTTN,999-1005 [A]
MOD_CK1_1 ,SSTTTNE,1000-1006 [A]
MOD_CK1_1 ,STTTNEK,1001-1007 [A]
MOD_CK1_1 ,SKKSQPK,1123-1129 [A]
MOD_CK1_1 ,STSSSMA,1149-1155 [A]
MOD_CK1_1 ,SDSTFQK,1195-1201 [A]
MOD_CK1_1 ,SMNTSDM,1214-1220 [A]
MOD_CK1_1 ,SQQTTMY,1356-1362 [A]
MOD_CK1_1 ,STGSAPQ,1513-1519 [A]
MOD_CK1_1 ,SWPSHGT,1544-1550 [A]
MOD_CK1_1 ,SHGTRQP,1547-1553 [A]
MOD_CK1_1 ,SLKSGLL,1675-1681 [A]
MOD_CK1_1 ,SIMTFNL,1700-1706 [A]
MOD_CK1_1 ,SKVSSPA,1751-1757 [A]
MOD_CK1_1 ,SENSEEK,1798-1804 [A]
MOD_CK1_1 ,STRSSTL,1916-1922 [A]
MOD_CK1_1 ,STLTEDG,1920-1926 [A]
MOD_CK1_1 ,SKLSIQD,2123-2129 [A]
MOD_CK1_1 ,SQASLLH,2211-2217 [A]
MOD_CK1_1 ,SEFTLYE,2249-2255 [A]
MOD_CK1_1 ,SLVSQVI,2269-2275 [A]
MOD_CK2_1 ,ISSSQGE,666-672 [A]
MOD_CK2_1 ,SSTTTNE,1000-1006 [A]
MOD_CK2_1 ,TSSSMAE,1150-1156 [A]
MOD_CK2_1 ,HIQTHFE,1854-1860 [A]
MOD_CK2_1 ,HFESKTE,1858-1864 [A]
MOD_CK2_1 ,KHVTTAE,1880-1886 [A]
MOD_CK2_1 ,PGTTDQE,1889-1895 [A]
MOD_CK2_1 ,RSSTLTE,1918-1924 [A]
MOD_CK2_1 ,EPHSKDE,1958-1964 [A]
MOD_CK2_1 ,PPFSRLE,2139-2145 [A]
MOD_CK2_1 ,SEFTLYE,2249-2255 [A]
MOD_Cter_Amidation ,VGRK,1044-1047 [A]
MOD_GlcNHglycan ,GSGG,89-92 [A]
MOD_GlcNHglycan ,HSAA,137-140 [A]
MOD_GlcNHglycan ,PSAV,158-161 [A]
MOD_GlcNHglycan ,QSGG,185-188 [A]
MOD_GlcNHglycan ,RSAY,219-222 [A]
MOD_GlcNHglycan ,GSGA,240-243 [A]
MOD_GlcNHglycan ,SSAS,255-258 [A]
MOD_GlcNHglycan ,ASAS,257-260 [A]
MOD_GlcNHglycan ,PSAA,279-282 [A]
MOD_GlcNHglycan ,SSAR,303-306 [A]
MOD_GlcNHglycan ,DYSGG,315-319 [A]
MOD_GlcNHglycan ,YSGG,316-319 [A]
MOD_GlcNHglycan ,ASGG,349-352 [A]
MOD_GlcNHglycan ,SSGG,366-369 [A]
MOD_GlcNHglycan ,PSGP,408-411 [A]
MOD_GlcNHglycan ,QSAM,439-442 [A]
MOD_GlcNHglycan ,PSGY,459-462 [A]
MOD_GlcNHglycan ,SSAP,613-616 [A]
MOD_GlcNHglycan ,DLSGS,641-645 [A]
MOD_GlcNHglycan ,LSGS,642-645 [A]
MOD_GlcNHglycan ,TSGI,663-666 [A]
MOD_GlcNHglycan ,RSGP,710-713 [A]
MOD_GlcNHglycan ,PSGQ,729-732 [A]
MOD_GlcNHglycan ,GSAL,768-771 [A]
MOD_GlcNHglycan ,PSGG,776-779 [A]
MOD_GlcNHglycan ,PSAG,824-827 [A]
MOD_GlcNHglycan ,GSGM,880-883 [A]
MOD_GlcNHglycan ,NSAG,957-960 [A]
MOD_GlcNHglycan ,SSAA,1086-1089 [A]
MOD_GlcNHglycan ,GSGS,1137-1140 [A]
MOD_GlcNHglycan ,SSGQ,1247-1250 [A]
MOD_GlcNHglycan ,DSGM,1315-1318 [A]
MOD_GlcNHglycan ,PSGS,1349-1352 [A]
MOD_GlcNHglycan ,VSAP,1464-1467 [A]
MOD_GlcNHglycan ,ASAE,1487-1490 [A]
MOD_GlcNHglycan ,GSAP,1515-1518 [A]
MOD_GlcNHglycan ,PSAP,1557-1560 [A]
MOD_GlcNHglycan ,HSGM,1608-1611 [A]
MOD_GlcNHglycan ,KSGL,1677-1680 [A]
MOD_GlcNHglycan ,FSGK,1790-1793 [A]
MOD_GlcNHglycan ,DSGL,1838-1841 [A]
MOD_GlcNHglycan ,ISGQ,2067-2070 [A]
MOD_GlcNHglycan ,PSAE,2095-2098 [A]
MOD_GSK3_1 ,PPPSSSAS,251-258 [A]
MOD_GSK3_1 ,PSSSASAS,253-260 [A]
MOD_GSK3_1 ,SSASASSS,255-262 [A]
MOD_GSK3_1 ,ASASSSSS,257-264 [A]
MOD_GSK3_1 ,SASSSSSS,258-265 [A]
MOD_GSK3_1 ,GGGTPQPT,283-290 [A]
MOD_GSK3_1 ,PQPTATPT,287-294 [A]
MOD_GSK3_1 ,QLLTSPSS,297-304 [A]
MOD_GSK3_1 ,APMSPGSS,360-367 [A]
MOD_GSK3_1 ,LARTPQPS,374-381 [A]
MOD_GSK3_1 ,YGGTNPYS,395-402 [A]
MOD_GSK3_1 ,PPYSQQPS,516-523 [A]
MOD_GSK3_1 ,PYPSQQST,533-540 [A]
MOD_GSK3_1 ,SFGSQASS,607-614 [A]
MOD_GSK3_1 ,SQASSAPS,610-617 [A]
MOD_GSK3_1 ,SAPSMTSS,614-621 [A]
MOD_GSK3_1 ,SLQSRPSS,631-638 [A]
MOD_GSK3_1 ,GALSPGVS,655-662 [A]
MOD_GSK3_1 ,GVSTSGIS,660-667 [A]
MOD_GSK3_1 ,VSTSGISS,661-668 [A]
MOD_GSK3_1 ,SPFSPHTS,679-686 [A]
MOD_GSK3_1 ,PSPSPVGS,695-702 [A]
MOD_GSK3_1 ,SPASVAQS,702-709 [A]
MOD_GSK3_1 ,QSRSGPLS,708-715 [A]
MOD_GSK3_1 ,MHPSMNQS,737-744 [A]
MOD_GSK3_1 ,QIHTGMGS,780-787 [A]
MOD_GSK3_1 ,PPYSMGGT,946-953 [A]
MOD_GSK3_1 ,TPKTESKS,988-995 [A]
MOD_GSK3_1 ,ESKSKKSS,992-999 [A]
MOD_GSK3_1 ,SKKSSSST,995-1002 [A]
MOD_GSK3_1 ,KKSSSSTT,996-1003 [A]
MOD_GSK3_1 ,KSSSSTTT,997-1004 [A]
MOD_GSK3_1 ,GTSSSAAS,1083-1090 [A]
MOD_GSK3_1 ,TSSSAASS,1084-1091 [A]
MOD_GSK3_1 ,QPPSPAGS,1131-1138 [A]
MOD_GSK3_1 ,GPQTPQST,1143-1150 [A]
MOD_GSK3_1 ,TPQSTSSS,1146-1153 [A]
MOD_GSK3_1 ,KPPTPAST,1161-1168 [A]
MOD_GSK3_1 ,TPASTPHS,1164-1171 [A]
MOD_GSK3_1 ,PGMSRSNS,1177-1184 [A]
MOD_GSK3_1 ,YQPSMNTS,1211-1218 [A]
MOD_GSK3_1 ,LMPSNPDS,1309-1316 [A]
MOD_GSK3_1 ,NPDSGMYS,1313-1320 [A]
MOD_GSK3_1 ,NQFSTQGT,1341-1348 [A]
MOD_GSK3_1 ,TQGTPSGS,1345-1352 [A]
MOD_GSK3_1 ,PSGSPFPS,1349-1356 [A]
MOD_GSK3_1 ,PFPSQQTT,1353-1360 [A]
MOD_GSK3_1 ,EMYSVPYS,1387-1394 [A]
MOD_GSK3_1 ,NRTSPSKS,1597-1604 [A]
MOD_GSK3_1 ,PPGSVEAT,1642-1649 [A]
MOD_GSK3_1 ,SIMTFNLS,1700-1707 [A]
MOD_GSK3_1 ,GRFSKVSS,1748-1755 [A]
MOD_GSK3_1 ,HIQTHFES,1854-1861 [A]
MOD_GSK3_1 ,HVTTAEGT,1881-1888 [A]
MOD_GSK3_1 ,AEGTPGTT,1885-1892 [A]
MOD_GSK3_1 ,DMLSTRSS,1913-1920 [A]
MOD_GSK3_1 ,MLSTRSST,1914-1921 [A]
MOD_GSK3_1 ,STRSSTLT,1916-1923 [A]
MOD_GSK3_1 ,FGISPAQS,1941-1948 [A]
MOD_GSK3_1 ,EPHSKDET,1958-1965 [A]
MOD_GSK3_1 ,KDETPLCT,1962-1969 [A]
MOD_GSK3_1 ,ILATPPFS,2135-2142 [A]
MOD_GSK3_1 ,LEDSLAAT,2199-2206 [A]
MOD_GSK3_1 ,SEFTLYES,2249-2256 [A]
MOD_N-GLC_1 ,NNLTEP,115-120 [A]
MOD_N-GLC_1 ,PNRSAY,217-222 [A]
MOD_N-GLC_1 ,MNLSLQ,628-633 [A]
MOD_N-GLC_1 ,MNQSSI,741-746 [A]
MOD_N-GLC_1 ,ANNSAG,955-960 [A]
MOD_N-GLC_1 ,MNTSDM,1215-1220 [A]
MOD_N-GLC_1 ,GNMSTG,1298-1303 [A]
MOD_N-GLC_1 ,VNRTDE,1526-1531 [A]
MOD_N-GLC_1 ,ENRTSP,1596-1601 [A]
MOD_N-GLC_1 ,FNLSQL,1704-1709 [A]
MOD_N-GLC_1 ,ANISGQ,2065-2070 [A]
MOD_N-GLC_1 ,ENHSEF,2246-2251 [A]
MOD_NEK2_2 ,FEMSKHP,1999-2005 [A]
MOD_PIKK_1 ,DMASQCW,331-337 [A]
MOD_PIKK_1 ,NPYSQQQ,399-405 [A]
MOD_PIKK_1 ,PYGSQTP,421-427 [A]
MOD_PIKK_1 ,LSYTQQI,445-451 [A]
MOD_PIKK_1 ,PPYSQQP,483-489 [A]
MOD_PIKK_1 ,QPPSQTP,488-494 [A]
MOD_PIKK_1 ,QPQSQPP,503-509 [A]
MOD_PIKK_1 ,LQSSQPP,511-517 [A]
MOD_PIKK_1 ,PPYSQQP,516-522 [A]
MOD_PIKK_1 ,QQPSQPP,520-526 [A]
MOD_PIKK_1 ,PYPSQQS,533-539 [A]
MOD_PIKK_1 ,QSTTQQH,538-544 [A]
MOD_PIKK_1 ,HPQSQPP,544-550 [A]
MOD_PIKK_1 ,PPYSQPQ,549-555 [A]
MOD_PIKK_1 ,STLSQQA,571-577 [A]
MOD_PIKK_1 ,QPQSQQS,581-587 [A]
MOD_PIKK_1 ,SQQSQQT,584-590 [A]
MOD_PIKK_1 ,TAYSQQR,590-596 [A]
MOD_PIKK_1 ,QELSQDS,601-607 [A]
MOD_PIKK_1 ,SFGSQAS,607-613 [A]
MOD_PIKK_1 ,ISSSQGE,666-672 [A]
MOD_PIKK_1 ,NRKTQET,891-897 [A]
MOD_PIKK_1 ,GGLTQVN,1062-1068 [A]
MOD_PIKK_1 ,SKKSQPK,1123-1129 [A]
MOD_PIKK_1 ,TPHSQIP,1168-1174 [A]
MOD_PIKK_1 ,QFSTQGT,1342-1348 [A]
MOD_PIKK_1 ,PFPSQQT,1353-1359 [A]
MOD_PIKK_1 ,QPASQQQ,1411-1417 [A]
MOD_PIKK_1 ,VEATQPV,1646-1652 [A]
MOD_PIKK_1 ,FNLSQLP,1704-1710 [A]
MOD_PIKK_1 ,LAATQFQ,2203-2209 [A]
MOD_PIKK_1 ,FQQSQAS,2208-2214 [A]
MOD_PIKK_1 ,SLVSQVI,2269-2275 [A]
MOD_PK_1 ,RSNSVGI,1181-1187 [A]
MOD_PKA_1 ,KKSSSST,996-1002 [A]
MOD_PKA_1 ,KRNSMTP,1201-1207 [A]
MOD_PKA_1 ,RRLTMKD,1657-1663 [A]
MOD_PKA_1 ,KRITATM,1905-1911 [A]
MOD_PKA_2 ,SRPSSLP,634-640 [A]
MOD_PKA_2 ,GRMSHAS,856-862 [A]
MOD_PKA_2 ,NRKTQET,891-897 [A]
MOD_PKA_2 ,KRNSMTP,1201-1207 [A]
MOD_PKA_2 ,GRMSYEP,1222-1228 [A]
MOD_PKA_2 ,DRVSAPP,1462-1468 [A]
MOD_PKA_2 ,NRQSTGS,1510-1516 [A]
MOD_PKA_2 ,RRLTMKD,1657-1663 [A]
MOD_PKA_2 ,GRFSKVS,1748-1754 [A]
MOD_PKA_2 ,KRITATM,1905-1911 [A]
MOD_PKA_2 ,TRSSTLT,1917-1923 [A]
MOD_Plk_1 ,PNRSAYP,217-223 [A]
MOD_Plk_1 ,MNLSLQS,628-634 [A]
MOD_Plk_1 ,MNQSSIA,741-747 [A]
MOD_Plk_1 ,SDSTFQK,1195-1201 [A]
MOD_Plk_1 ,NDMTYNY,1502-1508 [A]
MOD_Plk_1 ,RDITFPP,1637-1643 [A]
MOD_Plk_1 ,AESTWAL,1682-1688 [A]
MOD_Plk_1 ,DDNSIMT,1697-1703 [A]
MOD_Plk_1 ,FNLSQLP,1704-1710 [A]
MOD_Plk_1 ,RENTLVT,2057-2063 [A]
MOD_Plk_1 ,LEDSLAA,2199-2205 [A]
MOD_Plk_1 ,SEFTLYE,2249-2255 [A]
MOD_Plk_1 ,LDISVSP,2259-2265 [A]
MOD_Plk_2-3 ,EPTSVDM,2224-2230 [A]
MOD_Plk_4 ,QYNSYYP,211-217 [A]
MOD_Plk_4 ,QSDSIMH,732-738 [A]
MOD_Plk_4 ,QQTTMYQ,1357-1363 [A]
MOD_Plk_4 ,QQGTMWQ,1493-1499 [A]
MOD_Plk_4 ,DDNSIMT,1697-1703 [A]
MOD_Plk_4 ,PLCTLLD,1966-1972 [A]
MOD_Plk_4 ,RSLSFVP,1989-1995 [A]
MOD_Plk_4 ,RENTLVT,2057-2063 [A]
MOD_Plk_4 ,LYSTMVR,2147-2153 [A]
MOD_Plk_4 ,SQASLLH,2211-2217 [A]
MOD_Plk_4 ,LMNSLVS,2266-2272 [A]
MOD_ProDKin_1 ,YGRSPSA,154-160 [A]
MOD_ProDKin_1 ,GQQSPGL,175-181 [A]
MOD_ProDKin_1 ,ALSSPRG,230-236 [A]
MOD_ProDKin_1 ,RGGTPGS,235-241 [A]
MOD_ProDKin_1 ,GGGTPQP,283-289 [A]
MOD_ProDKin_1 ,PTATPTL,289-295 [A]
MOD_ProDKin_1 ,LLTSPSS,298-304 [A]
MOD_ProDKin_1 ,APMSPGS,360-366 [A]
MOD_ProDKin_1 ,LARTPQP,374-380 [A]
MOD_ProDKin_1 ,QPSSPMD,379-385 [A]
MOD_ProDKin_1 ,GSQTPQR,423-429 [A]
MOD_ProDKin_1 ,QGQTPYY,465-471 [A]
MOD_ProDKin_1 ,NQQSPHP,472-478 [A]
MOD_ProDKin_1 ,PSQTPHA,490-496 [A]
MOD_ProDKin_1 ,HQQSPAP,527-533 [A]
MOD_ProDKin_1 ,QAQSPYQ,555-561 [A]
MOD_ProDKin_1 ,GALSPGV,655-661 [A]
MOD_ProDKin_1 ,PAQSPFS,676-682 [A]
MOD_ProDKin_1 ,SPFSPHT,679-685 [A]
MOD_ProDKin_1 ,PHTSPHL,683-689 [A]
MOD_ProDKin_1 ,RGPSPSP,693-699 [A]
MOD_ProDKin_1 ,PSPSPVG,695-701 [A]
MOD_ProDKin_1 ,PVGSPAS,699-705 [A]
MOD_ProDKin_1 ,GPLSPAA,712-718 [A]
MOD_ProDKin_1 ,QYSSPQP,761-767 [A]
MOD_ProDKin_1 ,SALSPRQ,769-775 [A]
MOD_ProDKin_1 ,MAASPEM,961-967 [A]
MOD_ProDKin_1 ,VKLTPAT,973-979 [A]
MOD_ProDKin_1 ,ADGTPKT,985-991 [A]
MOD_ProDKin_1 ,QPPSPAG,1131-1137 [A]
MOD_ProDKin_1 ,GPQTPQS,1143-1149 [A]
MOD_ProDKin_1 ,KPPTPAS,1161-1167 [A]
MOD_ProDKin_1 ,PASTPHS,1165-1171 [A]
MOD_ProDKin_1 ,NSMTPNP,1203-1209 [A]
MOD_ProDKin_1 ,GMYSPSR,1317-1323 [A]
MOD_ProDKin_1 ,TQGTPSG,1345-1351 [A]
MOD_ProDKin_1 ,PSGSPFP,1349-1355 [A]
MOD_ProDKin_1 ,AQPSPQQ,1419-1425 [A]
MOD_ProDKin_1 ,QVSSPAP,1584-1590 [A]
MOD_ProDKin_1 ,NRTSPSK,1597-1603 [A]
MOD_ProDKin_1 ,PSKSPFL,1601-1607 [A]
MOD_ProDKin_1 ,DIGTPEA,1663-1669 [A]
MOD_ProDKin_1 ,KVSSPAP,1752-1758 [A]
MOD_ProDKin_1 ,AEGTPGT,1885-1891 [A]
MOD_ProDKin_1 ,FGISPAQ,1941-1947 [A]
MOD_ProDKin_1 ,KDETPLC,1962-1968 [A]
MOD_ProDKin_1 ,LDLSPYP,2071-2077 [A]
MOD_ProDKin_1 ,AVLSPQR,2110-2116 [A]
MOD_ProDKin_1 ,ILATPPF,2135-2141 [A]
MOD_ProDKin_1 ,ISVSPLM,2261-2267 [A]
MOD_SUMO_for_1 ,PKTE,989-992 [A]
MOD_SUMO_for_1 ,PKLE,1771-1774 [A]
MOD_SUMO_rev_2 ,SELKKA,22-27 [A]
MOD_SUMO_rev_2 ,ERGEMKAA,46-53 [A]
MOD_SUMO_rev_2 ,EPDLKNS,97-103 [A]
MOD_SUMO_rev_2 ,EMMGLGDVKLT,966-976 [A]
MOD_SUMO_rev_2 ,DGTPKTESKS,986-995 [A]
MOD_SUMO_rev_2 ,ELGGEPERKM,1013-1022 [A]
MOD_SUMO_rev_2 ,DIFAAADSKKS,1116-1126 [A]
MOD_SUMO_rev_2 ,SMAEGGDLKPP,1153-1163 [A]
MOD_SUMO_rev_2 ,EGGDLKPP,1156-1163 [A]
MOD_SUMO_rev_2 ,SENSEEKLI,1798-1806 [A]
MOD_SUMO_rev_2 ,ENSEEKLI,1799-1806 [A]
MOD_SUMO_rev_2 ,SEEKLI,1801-1806 [A]
MOD_SUMO_rev_2 ,SDRKNP,2156-2161 [A]
TRG_DiLeu_BaEn_1 ,EEEELL,1764-1769 [A]
TRG_DiLeu_BaEn_4 ,EEEELLG,1764-1770 [A]
TRG_DiLeu_BaLyEn_6 ,YESRLL,2254-2259 [A]
TRG_ENDOCYTIC_2 ,YNAL,815-818 [A]
TRG_ENDOCYTIC_2 ,YGTL,850-853 [A]
TRG_ENDOCYTIC_2 ,YPNM,915-918 [A]
TRG_ENDOCYTIC_2 ,YGSM,1233-1236 [A]
TRG_ENDOCYTIC_2 ,YDRV,1285-1288 [A]
TRG_ENDOCYTIC_2 ,YHGV,1523-1526 [A]
TRG_ENDOCYTIC_2 ,YSTM,2148-2151 [A]
TRG_ER_diArg_1 ,RRP,1445-1447 [A]
TRG_ER_diArg_1 ,IRR,1635-1637 [A]
TRG_ER_diArg_1 ,RRR,1656-1658 [A]
TRG_ER_diArg_1 ,RRL,1657-1659 [A]
TRG_ER_diArg_1 ,FRR,1720-1722 [A]
TRG_ER_diArg_1 ,MRR,2231-2233 [A]
TRG_NES_CRM1_1 ,DLSGSIDDLPMGTE,641-654 [A]
TRG_NES_CRM1_1 ,QLPGLLELLVE,1708-1718 [A]
TRG_NES_CRM1_1 ,EKLISKFDKLPVKIVQ,1803-1818 [A]
TRG_NESrev_CRM1_2 ,LLVEYFRRCLIEI,1715-1727 [A]
TRG_NESrev_CRM1_2 ,ICLPVLDGLLHWA,2080-2092 [A]
TRG_Pf-PMV_PEXEL_1 ,RCLIE,1722-1726 [A]
TRG_Pf-PMV_PEXEL_1 ,RTLLD,1742-1746 [A]
TRG_Pf-PMV_PEXEL_1 ,RFLSD,2153-2157 [A]
